# file	code	needle	reason
packages/website/src/components/page-sections/HomeMap.astro	RAW_DESIGN_VALUE	radial-gradient(ellipse at center, rgba(20, 68, 52, 0.65) 0%, rgba(11, 46, 35, 0.95) 100%);	Existing audited Network CSS standard exception; convert to gp tokens, logical properties, or dynamic viewport primitives when touching this surface.
packages/website/src/components/page-sections/HomeMap.astro	PHYSICAL_SIDE_PROPERTY	right: 12px;	Existing audited Network CSS standard exception; convert to gp tokens, logical properties, or dynamic viewport primitives when touching this surface.
packages/website/src/components/page-sections/HomeMap.astro	RAW_DESIGN_VALUE	background: rgba(11, 38, 28, 0.78);	Existing audited Network CSS standard exception; convert to gp tokens, logical properties, or dynamic viewport primitives when touching this surface.
packages/website/src/components/page-sections/HomeMap.astro	RAW_DESIGN_VALUE	box-shadow: 0 0 0 1.5px rgba(7, 24, 15, 0.7);	Existing audited Network CSS standard exception; convert to gp tokens, logical properties, or dynamic viewport primitives when touching this surface.
packages/website/src/components/page-sections/HomeMap.astro	HARDCODED_FONT_SIZE	font-size: 12px;	Existing audited Network CSS standard exception; convert to gp tokens, logical properties, or dynamic viewport primitives when touching this surface.
packages/website/src/components/page-sections/HomeMap.astro	PHYSICAL_SIDE_PROPERTY	left: 50%;	Existing audited Network CSS standard exception; convert to gp tokens, logical properties, or dynamic viewport primitives when touching this surface.
packages/website/src/components/page-sections/HomeMap.astro	RAW_DESIGN_VALUE	linear-gradient(135deg, rgba(250, 247, 238, 0.08), rgba(250, 247, 238, 0.02)),	Existing audited Network CSS standard exception; convert to gp tokens, logical properties, or dynamic viewport primitives when touching this surface.
packages/website/src/components/page-sections/HomeMap.astro	RAW_DESIGN_VALUE	rgba(9, 34, 25, 0.96);	Existing audited Network CSS standard exception; convert to gp tokens, logical properties, or dynamic viewport primitives when touching this surface.
packages/website/src/components/page-sections/HomeMap.astro	RAW_DESIGN_VALUE	box-shadow: 0 18px 48px -18px rgba(0, 0, 0, 0.72);	Existing audited Network CSS standard exception; convert to gp tokens, logical properties, or dynamic viewport primitives when touching this surface.
packages/website/src/components/page-sections/HomeMap.astro	HARDCODED_FONT_SIZE	font-size: 10px;	Existing audited Network CSS standard exception; convert to gp tokens, logical properties, or dynamic viewport primitives when touching this surface.
packages/website/src/components/page-sections/HomeMap.astro	HARDCODED_FONT_SIZE	font-size: 18px;	Existing audited Network CSS standard exception; convert to gp tokens, logical properties, or dynamic viewport primitives when touching this surface.
packages/website/src/components/page-sections/HomeMap.astro	HARDCODED_FONT_SIZE	font-size: 12px;	Existing audited Network CSS standard exception; convert to gp tokens, logical properties, or dynamic viewport primitives when touching this surface.
packages/website/src/components/page-sections/HomeMap.astro	HARDCODED_FONT_SIZE	font-size: 10px;	Existing audited Network CSS standard exception; convert to gp tokens, logical properties, or dynamic viewport primitives when touching this surface.
packages/website/src/components/page-sections/HomeMap.astro	RAW_DESIGN_VALUE	border-top: 1px solid rgba(250, 247, 238, 0.1);	Existing audited Network CSS standard exception; convert to gp tokens, logical properties, or dynamic viewport primitives when touching this surface.
packages/website/src/components/page-sections/HomeMap.astro	HARDCODED_FONT_SIZE	font-size: 10px;	Existing audited Network CSS standard exception; convert to gp tokens, logical properties, or dynamic viewport primitives when touching this surface.
packages/website/src/components/page-sections/HomeMap.astro	PHYSICAL_SIDE_PROPERTY	left: 12px;	Existing audited Network CSS standard exception; convert to gp tokens, logical properties, or dynamic viewport primitives when touching this surface.
packages/website/src/components/page-sections/HomeMap.astro	RAW_DESIGN_VALUE	background: rgba(11, 38, 28, 0.92);	Existing audited Network CSS standard exception; convert to gp tokens, logical properties, or dynamic viewport primitives when touching this surface.
packages/website/src/components/page-sections/HomeMap.astro	HARDCODED_FONT_SIZE	font-size: 13px;	Existing audited Network CSS standard exception; convert to gp tokens, logical properties, or dynamic viewport primitives when touching this surface.
packages/website/src/components/page-sections/HomeMap.astro	RAW_DESIGN_VALUE	background: rgba(250, 247, 238, 0.06);	Existing audited Network CSS standard exception; convert to gp tokens, logical properties, or dynamic viewport primitives when touching this surface.
packages/website/src/components/page-sections/HomeMap.astro	RAW_DESIGN_VALUE	background: rgba(11, 38, 28, 0.72);	Existing audited Network CSS standard exception; convert to gp tokens, logical properties, or dynamic viewport primitives when touching this surface.
packages/website/src/components/page-sections/HomeMap.astro	HARDCODED_FONT_SIZE	font-size: 13px;	Existing audited Network CSS standard exception; convert to gp tokens, logical properties, or dynamic viewport primitives when touching this surface.
packages/website/src/components/page-sections/HomeMap.astro	RAW_DESIGN_VALUE	background: rgba(15, 50, 38, 0.92);	Existing audited Network CSS standard exception; convert to gp tokens, logical properties, or dynamic viewport primitives when touching this surface.
packages/website/src/components/page-sections/HomeMap.astro	PHYSICAL_SIDE_PROPERTY	right: 8px;	Existing audited Network CSS standard exception; convert to gp tokens, logical properties, or dynamic viewport primitives when touching this surface.
packages/website/src/components/page-sections/HomeMap.astro	RAW_DESIGN_VALUE	background: rgba(7, 24, 15, 0.6);	Existing audited Network CSS standard exception; convert to gp tokens, logical properties, or dynamic viewport primitives when touching this surface.
packages/website/src/components/page-sections/HomeMap.astro	HARDCODED_FONT_SIZE	font-size: 18px;	Existing audited Network CSS standard exception; convert to gp tokens, logical properties, or dynamic viewport primitives when touching this surface.
packages/website/src/components/page-sections/HomeMap.astro	PHYSICAL_SIDE_PROPERTY	padding-right: 38px;	Existing audited Network CSS standard exception; convert to gp tokens, logical properties, or dynamic viewport primitives when touching this surface.
packages/website/src/components/page-sections/HomeMap.astro	HARDCODED_FONT_SIZE	font-size: 10px;	Existing audited Network CSS standard exception; convert to gp tokens, logical properties, or dynamic viewport primitives when touching this surface.
packages/website/src/components/page-sections/HomeMap.astro	PHYSICAL_SIDE_PROPERTY	padding-right: 38px;	Existing audited Network CSS standard exception; convert to gp tokens, logical properties, or dynamic viewport primitives when touching this surface.
packages/website/src/components/page-sections/HomeMap.astro	HARDCODED_FONT_SIZE	font-size: 18px;	Existing audited Network CSS standard exception; convert to gp tokens, logical properties, or dynamic viewport primitives when touching this surface.
packages/website/src/components/page-sections/HomeMap.astro	HARDCODED_FONT_SIZE	font-size: 13px;	Existing audited Network CSS standard exception; convert to gp tokens, logical properties, or dynamic viewport primitives when touching this surface.
packages/website/src/components/page-sections/HomeMap.astro	HARDCODED_FONT_SIZE	font-size: 13px;	Existing audited Network CSS standard exception; convert to gp tokens, logical properties, or dynamic viewport primitives when touching this surface.
packages/website/src/components/page-sections/HomeMap.astro	HARDCODED_FONT_SIZE	font-size: 11px;	Existing audited Network CSS standard exception; convert to gp tokens, logical properties, or dynamic viewport primitives when touching this surface.
packages/website/src/components/page-sections/HomeMap.astro	RAW_DESIGN_VALUE	border-top: 1px solid rgba(250, 247, 238, 0.1);	Existing audited Network CSS standard exception; convert to gp tokens, logical properties, or dynamic viewport primitives when touching this surface.
packages/website/src/components/page-sections/HomeMap.astro	HARDCODED_FONT_SIZE	font-size: 10px;	Existing audited Network CSS standard exception; convert to gp tokens, logical properties, or dynamic viewport primitives when touching this surface.
packages/website/src/components/page-sections/HomeMap.astro	HARDCODED_FONT_SIZE	font-size: 12px;	Existing audited Network CSS standard exception; convert to gp tokens, logical properties, or dynamic viewport primitives when touching this surface.
packages/website/src/components/page-sections/HomeMap.astro	HARDCODED_FONT_SIZE	font-size: 14px;	Existing audited Network CSS standard exception; convert to gp tokens, logical properties, or dynamic viewport primitives when touching this surface.
packages/website/src/components/page-sections/HomeMap.astro	HARDCODED_FONT_SIZE	font-size: 12px;	Existing audited Network CSS standard exception; convert to gp tokens, logical properties, or dynamic viewport primitives when touching this surface.
packages/website/src/components/page-sections/HomeMap.astro	RAW_DESIGN_VALUE	background: rgba(2, 12, 7, 0.7);	Existing audited Network CSS standard exception; convert to gp tokens, logical properties, or dynamic viewport primitives when touching this surface.
packages/website/src/components/page-sections/HomeMap.astro	RAW_DESIGN_VALUE	color: #07241a;	Existing audited Network CSS standard exception; convert to gp tokens, logical properties, or dynamic viewport primitives when touching this surface.
packages/website/src/components/page-sections/HomeMap.astro	RAW_DESIGN_VALUE	color: #f0dca0;	Existing audited Network CSS standard exception; convert to gp tokens, logical properties, or dynamic viewport primitives when touching this surface.
packages/website/src/components/page-sections/HomeMap.astro	HARDCODED_FONT_SIZE	font-size: 13px;	Existing audited Network CSS standard exception; convert to gp tokens, logical properties, or dynamic viewport primitives when touching this surface.
packages/website/src/components/page-sections/HomeMap.astro	HARDCODED_FONT_SIZE	font-size: 14px;	Existing audited Network CSS standard exception; convert to gp tokens, logical properties, or dynamic viewport primitives when touching this surface.
packages/website/src/components/page-sections/HomeMap.astro	RAW_DESIGN_VALUE	radial-gradient(circle at 18% 8%, rgba(184, 232, 53, 0.12), transparent 30%),	Existing audited Network CSS standard exception; convert to gp tokens, logical properties, or dynamic viewport primitives when touching this surface.
packages/website/src/components/page-sections/HomeMap.astro	RAW_DESIGN_VALUE	linear-gradient(145deg, rgba(18, 72, 52, 0.98), rgba(6, 26, 18, 0.99));	Existing audited Network CSS standard exception; convert to gp tokens, logical properties, or dynamic viewport primitives when touching this surface.
packages/website/src/components/page-sections/HomeMap.astro	RAW_DESIGN_VALUE	box-shadow: 0 28px 88px -28px rgba(0, 0, 0, 0.82);	Existing audited Network CSS standard exception; convert to gp tokens, logical properties, or dynamic viewport primitives when touching this surface.
packages/website/src/components/page-sections/HomeMap.astro	RAW_DESIGN_VALUE	background: rgba(2, 12, 7, 0.74);	Existing audited Network CSS standard exception; convert to gp tokens, logical properties, or dynamic viewport primitives when touching this surface.
packages/website/src/components/page-sections/HomeMap.astro	PHYSICAL_SIDE_PROPERTY	right: 22px;	Existing audited Network CSS standard exception; convert to gp tokens, logical properties, or dynamic viewport primitives when touching this surface.
packages/website/src/components/page-sections/HomeMap.astro	RAW_DESIGN_VALUE	border: 1px solid rgba(250, 247, 238, 0.18);	Existing audited Network CSS standard exception; convert to gp tokens, logical properties, or dynamic viewport primitives when touching this surface.
packages/website/src/components/page-sections/HomeMap.astro	RAW_DESIGN_VALUE	background: rgba(7, 24, 15, 0.68);	Existing audited Network CSS standard exception; convert to gp tokens, logical properties, or dynamic viewport primitives when touching this surface.
packages/website/src/components/page-sections/HomeMap.astro	HARDCODED_FONT_SIZE	font-size: 20px;	Existing audited Network CSS standard exception; convert to gp tokens, logical properties, or dynamic viewport primitives when touching this surface.
packages/website/src/components/page-sections/HomeMap.astro	RAW_DESIGN_VALUE	background: rgba(250, 247, 238, 0.16);	Existing audited Network CSS standard exception; convert to gp tokens, logical properties, or dynamic viewport primitives when touching this surface.
packages/website/src/components/page-sections/HomeMap.astro	PHYSICAL_SIDE_PROPERTY	padding-right: 4px;	Existing audited Network CSS standard exception; convert to gp tokens, logical properties, or dynamic viewport primitives when touching this surface.
packages/website/src/components/page-sections/HomeMap.astro	HARDCODED_FONT_SIZE	font-size: 10px;	Existing audited Network CSS standard exception; convert to gp tokens, logical properties, or dynamic viewport primitives when touching this surface.
packages/website/src/components/page-sections/HomeMap.astro	HARDCODED_FONT_SIZE	font-size: 38px;	Existing audited Network CSS standard exception; convert to gp tokens, logical properties, or dynamic viewport primitives when touching this surface.
packages/website/src/components/page-sections/HomeMap.astro	HARDCODED_FONT_SIZE	font-size: 14px;	Existing audited Network CSS standard exception; convert to gp tokens, logical properties, or dynamic viewport primitives when touching this surface.
packages/website/src/components/page-sections/HomeMap.astro	RAW_DESIGN_VALUE	border: 1px solid color-mix(in srgb, var(--theme-color, var(--gp-map-member)) 42%, rgba(250, 247, 238, 0.14));	Existing audited Network CSS standard exception; convert to gp tokens, logical properties, or dynamic viewport primitives when touching this surface.
packages/website/src/components/page-sections/HomeMap.astro	RAW_DESIGN_VALUE	background: color-mix(in srgb, var(--theme-color, var(--gp-map-member)) 10%, rgba(2, 12, 7, 0.42));	Existing audited Network CSS standard exception; convert to gp tokens, logical properties, or dynamic viewport primitives when touching this surface.
packages/website/src/components/page-sections/HomeMap.astro	HARDCODED_FONT_SIZE	font-size: 13px;	Existing audited Network CSS standard exception; convert to gp tokens, logical properties, or dynamic viewport primitives when touching this surface.
packages/website/src/components/page-sections/HomeMap.astro	RAW_DESIGN_VALUE	background: color-mix(in srgb, var(--theme-color, var(--gp-map-member)) 28%, rgba(2, 12, 7, 0.38));	Existing audited Network CSS standard exception; convert to gp tokens, logical properties, or dynamic viewport primitives when touching this surface.
packages/website/src/components/page-sections/HomeMap.astro	RAW_DESIGN_VALUE	border: 1px solid rgba(250, 247, 238, 0.12);	Existing audited Network CSS standard exception; convert to gp tokens, logical properties, or dynamic viewport primitives when touching this surface.
packages/website/src/components/page-sections/HomeMap.astro	RAW_DESIGN_VALUE	background: rgba(2, 12, 7, 0.28);	Existing audited Network CSS standard exception; convert to gp tokens, logical properties, or dynamic viewport primitives when touching this surface.
packages/website/src/components/page-sections/HomeMap.astro	HARDCODED_FONT_SIZE	font-size: 11px;	Existing audited Network CSS standard exception; convert to gp tokens, logical properties, or dynamic viewport primitives when touching this surface.
packages/website/src/components/page-sections/HomeMap.astro	HARDCODED_FONT_SIZE	font-size: 12px;	Existing audited Network CSS standard exception; convert to gp tokens, logical properties, or dynamic viewport primitives when touching this surface.
packages/website/src/components/page-sections/HomeMap.astro	RAW_DESIGN_VALUE	border: 1px solid rgba(250, 247, 238, 0.14);	Existing audited Network CSS standard exception; convert to gp tokens, logical properties, or dynamic viewport primitives when touching this surface.
packages/website/src/components/page-sections/HomeMap.astro	RAW_DESIGN_VALUE	background: rgba(2, 12, 7, 0.55);	Existing audited Network CSS standard exception; convert to gp tokens, logical properties, or dynamic viewport primitives when touching this surface.
packages/website/src/components/page-sections/HomeMap.astro	RAW_DESIGN_VALUE	border: 1px solid rgba(250, 247, 238, 0.12);	Existing audited Network CSS standard exception; convert to gp tokens, logical properties, or dynamic viewport primitives when touching this surface.
packages/website/src/components/page-sections/HomeMap.astro	RAW_DESIGN_VALUE	background: rgba(2, 12, 7, 0.24);	Existing audited Network CSS standard exception; convert to gp tokens, logical properties, or dynamic viewport primitives when touching this surface.
packages/website/src/components/page-sections/HomeMap.astro	HARDCODED_FONT_SIZE	font-size: 12px;	Existing audited Network CSS standard exception; convert to gp tokens, logical properties, or dynamic viewport primitives when touching this surface.
packages/website/src/components/page-sections/HomeMap.astro	RAW_DESIGN_VALUE	background: radial-gradient(ellipse at center, rgba(20, 68, 52, 0.72), rgba(7, 24, 15, 0.96));	Existing audited Network CSS standard exception; convert to gp tokens, logical properties, or dynamic viewport primitives when touching this surface.
packages/website/src/components/page-sections/HomeMap.astro	PHYSICAL_SIDE_PROPERTY	left: 50%;	Existing audited Network CSS standard exception; convert to gp tokens, logical properties, or dynamic viewport primitives when touching this surface.
packages/website/src/components/page-sections/HomeMap.astro	HARDCODED_FONT_SIZE	font-size: 10px;	Existing audited Network CSS standard exception; convert to gp tokens, logical properties, or dynamic viewport primitives when touching this surface.
packages/website/src/components/page-sections/HomeMap.astro	RAW_DESIGN_VALUE	background: rgba(2, 12, 7, 0.28);	Existing audited Network CSS standard exception; convert to gp tokens, logical properties, or dynamic viewport primitives when touching this surface.
packages/website/src/components/page-sections/HomeMap.astro	HARDCODED_FONT_SIZE	font-size: 24px;	Existing audited Network CSS standard exception; convert to gp tokens, logical properties, or dynamic viewport primitives when touching this surface.
packages/website/src/components/page-sections/HomeMap.astro	HARDCODED_FONT_SIZE	font-size: 13px;	Existing audited Network CSS standard exception; convert to gp tokens, logical properties, or dynamic viewport primitives when touching this surface.
packages/website/src/components/page-sections/HomeMap.astro	RAW_DESIGN_VALUE	border-bottom: 1px solid rgba(250, 247, 238, 0.1);	Existing audited Network CSS standard exception; convert to gp tokens, logical properties, or dynamic viewport primitives when touching this surface.
packages/website/src/components/page-sections/HomeMap.astro	HARDCODED_FONT_SIZE	font-size: 10px;	Existing audited Network CSS standard exception; convert to gp tokens, logical properties, or dynamic viewport primitives when touching this surface.
packages/website/src/components/page-sections/HomeMap.astro	HARDCODED_FONT_SIZE	font-size: 13px;	Existing audited Network CSS standard exception; convert to gp tokens, logical properties, or dynamic viewport primitives when touching this surface.
packages/website/src/components/page-sections/HomeMap.astro	HARDCODED_FONT_SIZE	font-size: 11px;	Existing audited Network CSS standard exception; convert to gp tokens, logical properties, or dynamic viewport primitives when touching this surface.
packages/website/src/components/page-sections/HomeMap.astro	RAW_DESIGN_VALUE	color: #f0dca0;	Existing audited Network CSS standard exception; convert to gp tokens, logical properties, or dynamic viewport primitives when touching this surface.
packages/website/src/components/page-sections/HomeMap.astro	RAW_DESIGN_VALUE	border: 1px solid rgba(250, 247, 238, 0.16);	Existing audited Network CSS standard exception; convert to gp tokens, logical properties, or dynamic viewport primitives when touching this surface.
packages/website/src/components/page-sections/HomeMap.astro	PHYSICAL_SIDE_PROPERTY	margin-left: auto;	Existing audited Network CSS standard exception; convert to gp tokens, logical properties, or dynamic viewport primitives when touching this surface.
packages/website/src/components/page-sections/HomeMap.astro	PHYSICAL_SIDE_PROPERTY	right: 16px;	Existing audited Network CSS standard exception; convert to gp tokens, logical properties, or dynamic viewport primitives when touching this surface.
packages/website/src/components/page-sections/HomeMap.astro	HARDCODED_FONT_SIZE	font-size: 32px;	Existing audited Network CSS standard exception; convert to gp tokens, logical properties, or dynamic viewport primitives when touching this surface.
packages/website/src/components/page-sections/HomeMap.astro	PHYSICAL_SIDE_PROPERTY	right: 8px;	Existing audited Network CSS standard exception; convert to gp tokens, logical properties, or dynamic viewport primitives when touching this surface.
packages/website/src/components/page-sections/HomeMap.astro	HARDCODED_FONT_SIZE	font-size: 10px;	Existing audited Network CSS standard exception; convert to gp tokens, logical properties, or dynamic viewport primitives when touching this surface.
packages/website/src/components/page-sections/HomeMap.astro	HARDCODED_FONT_SIZE	font-size: 14px;	Existing audited Network CSS standard exception; convert to gp tokens, logical properties, or dynamic viewport primitives when touching this surface.
packages/website/src/components/page-sections/HomeMap.astro	PHYSICAL_SIDE_PROPERTY	left: 8px;	Existing audited Network CSS standard exception; convert to gp tokens, logical properties, or dynamic viewport primitives when touching this surface.
packages/website/src/components/page-sections/HomeMap.astro	HARDCODED_FONT_SIZE	font-size: 12px;	Existing audited Network CSS standard exception; convert to gp tokens, logical properties, or dynamic viewport primitives when touching this surface.
packages/website/src/components/page-sections/HomeMap.astro	HARDCODED_FONT_SIZE	font-size: 11px;	Existing audited Network CSS standard exception; convert to gp tokens, logical properties, or dynamic viewport primitives when touching this surface.
packages/website/src/components/shell/Breadcrumb.astro	HARDCODED_FONT_SIZE	font-size: 13px;	Existing audited Network CSS standard exception; convert to gp tokens, logical properties, or dynamic viewport primitives when touching this surface.
packages/website/src/components/shell/SiteFooter.astro	RAW_DESIGN_VALUE	background: rgba(7, 24, 15, 0);	Existing audited Network CSS standard exception; convert to gp tokens, logical properties, or dynamic viewport primitives when touching this surface.
packages/website/src/components/shell/SiteFooter.astro	HARDCODED_FONT_SIZE	font-size: 11px;	Existing audited Network CSS standard exception; convert to gp tokens, logical properties, or dynamic viewport primitives when touching this surface.
packages/website/src/components/shell/SiteHeader.astro	HARDCODED_FONT_SIZE	font-size: 20px;	Existing audited Network CSS standard exception; convert to gp tokens, logical properties, or dynamic viewport primitives when touching this surface.
packages/website/src/components/shell/SiteHeader.astro	RAW_DESIGN_VALUE	filter: drop-shadow(0 0 14px rgba(184, 232, 53, 0.32));	Existing audited Network CSS standard exception; convert to gp tokens, logical properties, or dynamic viewport primitives when touching this surface.
packages/website/src/components/shell/SiteHeader.astro	PHYSICAL_SIDE_PROPERTY	right: 0;	Existing audited Network CSS standard exception; convert to gp tokens, logical properties, or dynamic viewport primitives when touching this surface.
packages/website/src/components/shell/SiteHeader.astro	RAW_DESIGN_VALUE	background: rgba(7, 24, 15, 0.92);	Existing audited Network CSS standard exception; convert to gp tokens, logical properties, or dynamic viewport primitives when touching this surface.
packages/website/src/components/shell/SiteHeader.astro	HARDCODED_FONT_SIZE	font-size: 22px;	Existing audited Network CSS standard exception; convert to gp tokens, logical properties, or dynamic viewport primitives when touching this surface.
packages/website/src/components/shell/SiteHeader.astro	HARDCODED_FONT_SIZE	font-size: 18px;	Existing audited Network CSS standard exception; convert to gp tokens, logical properties, or dynamic viewport primitives when touching this surface.
packages/website/src/components/ui/ArrowLink.astro	HARDCODED_FONT_SIZE	font-size: 13px;	Existing audited Network CSS standard exception; convert to gp tokens, logical properties, or dynamic viewport primitives when touching this surface.
packages/website/src/components/ui/Avatar.astro	RAW_DESIGN_VALUE	radial-gradient(circle at 30% 25%, rgba(240, 220, 160, 0.3), transparent 60%),	Existing audited Network CSS standard exception; convert to gp tokens, logical properties, or dynamic viewport primitives when touching this surface.
packages/website/src/components/ui/AvatarStack.astro	PHYSICAL_SIDE_PROPERTY	margin-left: calc(var(--avatar-size) * -0.32);	Existing audited Network CSS standard exception; convert to gp tokens, logical properties, or dynamic viewport primitives when touching this surface.
packages/website/src/components/ui/AvatarStack.astro	PHYSICAL_SIDE_PROPERTY	margin-left: var(--gp-space-sm);	Existing audited Network CSS standard exception; convert to gp tokens, logical properties, or dynamic viewport primitives when touching this surface.
packages/website/src/components/ui/AvatarStack.astro	HARDCODED_FONT_SIZE	font-size: 11px;	Existing audited Network CSS standard exception; convert to gp tokens, logical properties, or dynamic viewport primitives when touching this surface.
packages/website/src/components/ui/Button.astro	HARDCODED_FONT_SIZE	font-size: 15px;	Existing audited Network CSS standard exception; convert to gp tokens, logical properties, or dynamic viewport primitives when touching this surface.
packages/website/src/components/ui/Button.astro	RAW_DESIGN_VALUE	border-color: rgba(184, 232, 53, 0.42);	Existing audited Network CSS standard exception; convert to gp tokens, logical properties, or dynamic viewport primitives when touching this surface.
packages/website/src/components/ui/Chip.astro	HARDCODED_FONT_SIZE	font-size: 11px;	Existing audited Network CSS standard exception; convert to gp tokens, logical properties, or dynamic viewport primitives when touching this surface.
packages/website/src/components/ui/Chip.astro	HARDCODED_FONT_SIZE	font-size: 13px;	Existing audited Network CSS standard exception; convert to gp tokens, logical properties, or dynamic viewport primitives when touching this surface.
packages/website/src/components/ui/Chip.astro	HARDCODED_FONT_SIZE	font-size: 13px;	Existing audited Network CSS standard exception; convert to gp tokens, logical properties, or dynamic viewport primitives when touching this surface.
packages/website/src/components/ui/Chip.astro	RAW_DESIGN_VALUE	border-color: rgba(184, 232, 53, 0.42);	Existing audited Network CSS standard exception; convert to gp tokens, logical properties, or dynamic viewport primitives when touching this surface.
packages/website/src/components/ui/Chip.astro	RAW_DESIGN_VALUE	background: rgba(184, 232, 53, 0.12);	Existing audited Network CSS standard exception; convert to gp tokens, logical properties, or dynamic viewport primitives when touching this surface.
packages/website/src/components/ui/Chip.astro	RAW_DESIGN_VALUE	border-color: rgba(240, 220, 160, 0.32);	Existing audited Network CSS standard exception; convert to gp tokens, logical properties, or dynamic viewport primitives when touching this surface.
packages/website/src/components/ui/Chip.astro	RAW_DESIGN_VALUE	background: rgba(240, 220, 160, 0.1);	Existing audited Network CSS standard exception; convert to gp tokens, logical properties, or dynamic viewport primitives when touching this surface.
packages/website/src/components/ui/Chip.astro	RAW_DESIGN_VALUE	border-color: rgba(184, 232, 53, 0.42);	Existing audited Network CSS standard exception; convert to gp tokens, logical properties, or dynamic viewport primitives when touching this surface.
packages/website/src/components/ui/CtaStrip.astro	PHYSICAL_SIDE_PROPERTY	right: -120px;	Existing audited Network CSS standard exception; convert to gp tokens, logical properties, or dynamic viewport primitives when touching this surface.
packages/website/src/components/ui/CtaStrip.astro	RAW_DESIGN_VALUE	background: radial-gradient(circle, rgba(184, 232, 53, 0.16), transparent 65%);	Existing audited Network CSS standard exception; convert to gp tokens, logical properties, or dynamic viewport primitives when touching this surface.
packages/website/src/components/ui/CtaStrip.astro	HARDCODED_FONT_SIZE	font-size: 28px;	Existing audited Network CSS standard exception; convert to gp tokens, logical properties, or dynamic viewport primitives when touching this surface.
packages/website/src/components/ui/ImagePlaceholder.astro	RAW_DESIGN_VALUE	box-shadow: 0 1px 0 0 rgba(255, 255, 255, 0.04) inset;	Existing audited Network CSS standard exception; convert to gp tokens, logical properties, or dynamic viewport primitives when touching this surface.
packages/website/src/components/ui/ImagePlaceholder.astro	RAW_DESIGN_VALUE	background: radial-gradient(circle at 30% 25%, rgba(240, 220, 160, 0.08), transparent 55%);	Existing audited Network CSS standard exception; convert to gp tokens, logical properties, or dynamic viewport primitives when touching this surface.
packages/website/src/components/ui/ImagePlaceholder.astro	RAW_DESIGN_VALUE	color: rgba(250, 247, 238, 0.55);	Existing audited Network CSS standard exception; convert to gp tokens, logical properties, or dynamic viewport primitives when touching this surface.
packages/website/src/components/ui/ImagePlaceholder.astro	HARDCODED_FONT_SIZE	font-size: 9px;	Existing audited Network CSS standard exception; convert to gp tokens, logical properties, or dynamic viewport primitives when touching this surface.
packages/website/src/components/ui/LinkRow.astro	RAW_DESIGN_VALUE	background: rgba(184, 232, 53, 0.04);	Existing audited Network CSS standard exception; convert to gp tokens, logical properties, or dynamic viewport primitives when touching this surface.
packages/website/src/components/ui/LinkRow.astro	HARDCODED_FONT_SIZE	font-size: 13px;	Existing audited Network CSS standard exception; convert to gp tokens, logical properties, or dynamic viewport primitives when touching this surface.
packages/website/src/components/ui/LinkRow.astro	HARDCODED_FONT_SIZE	font-size: 17px;	Existing audited Network CSS standard exception; convert to gp tokens, logical properties, or dynamic viewport primitives when touching this surface.
packages/website/src/components/ui/LinkRow.astro	HARDCODED_FONT_SIZE	font-size: 12px;	Existing audited Network CSS standard exception; convert to gp tokens, logical properties, or dynamic viewport primitives when touching this surface.
packages/website/src/components/ui/LinkRow.astro	HARDCODED_FONT_SIZE	font-size: 12px;	Existing audited Network CSS standard exception; convert to gp tokens, logical properties, or dynamic viewport primitives when touching this surface.
packages/website/src/components/ui/Meta.astro	HARDCODED_FONT_SIZE	font-size: 10px;	Existing audited Network CSS standard exception; convert to gp tokens, logical properties, or dynamic viewport primitives when touching this surface.
packages/website/src/components/ui/RailArrows.astro	HARDCODED_FONT_SIZE	font-size: 18px;	Existing audited Network CSS standard exception; convert to gp tokens, logical properties, or dynamic viewport primitives when touching this surface.
packages/website/src/components/ui/RailArrows.astro	RAW_DESIGN_VALUE	border-color: rgba(184, 232, 53, 0.42);	Existing audited Network CSS standard exception; convert to gp tokens, logical properties, or dynamic viewport primitives when touching this surface.
packages/website/src/components/ui/StatusChip.astro	HARDCODED_FONT_SIZE	font-size: 10px;	Existing audited Network CSS standard exception; convert to gp tokens, logical properties, or dynamic viewport primitives when touching this surface.
packages/website/src/components/ui/StatusChip.astro	HARDCODED_FONT_SIZE	font-size: 11px;	Existing audited Network CSS standard exception; convert to gp tokens, logical properties, or dynamic viewport primitives when touching this surface.
packages/website/src/components/ui/StatusChip.astro	RAW_DESIGN_VALUE	border: 1px solid rgba(184, 232, 53, 0.42);	Existing audited Network CSS standard exception; convert to gp tokens, logical properties, or dynamic viewport primitives when touching this surface.
packages/website/src/components/ui/StatusChip.astro	RAW_DESIGN_VALUE	background: rgba(184, 232, 53, 0.12);	Existing audited Network CSS standard exception; convert to gp tokens, logical properties, or dynamic viewport primitives when touching this surface.
packages/website/src/components/ui/StatusChip.astro	RAW_DESIGN_VALUE	border: 1px solid rgba(240, 220, 160, 0.32);	Existing audited Network CSS standard exception; convert to gp tokens, logical properties, or dynamic viewport primitives when touching this surface.
packages/website/src/components/ui/StatusChip.astro	RAW_DESIGN_VALUE	background: rgba(240, 220, 160, 0.1);	Existing audited Network CSS standard exception; convert to gp tokens, logical properties, or dynamic viewport primitives when touching this surface.
packages/website/src/components/ui/StatusChip.astro	RAW_DESIGN_VALUE	box-shadow: 0 0 6px rgba(184, 232, 53, 0.65);	Existing audited Network CSS standard exception; convert to gp tokens, logical properties, or dynamic viewport primitives when touching this surface.
packages/website/src/components/ui/Text.astro	HARDCODED_FONT_SIZE	font-size: 11px;	Existing audited Network CSS standard exception; convert to gp tokens, logical properties, or dynamic viewport primitives when touching this surface.
packages/website/src/layouts/GpLayout.astro	VIEWPORT_VH_UNIT	min-height: 100vh;	Existing audited Network CSS standard exception; convert to gp tokens, logical properties, or dynamic viewport primitives when touching this surface.
packages/website/src/layouts/GpLayout.astro	VIEWPORT_VH_UNIT	inset: -14vh 0;	Existing audited Network CSS standard exception; convert to gp tokens, logical properties, or dynamic viewport primitives when touching this surface.
packages/website/src/layouts/GpLayout.astro	RAW_DESIGN_VALUE	radial-gradient(circle at 16% 18%, rgba(184, 232, 53, 0.1), transparent 30%),	Existing audited Network CSS standard exception; convert to gp tokens, logical properties, or dynamic viewport primitives when touching this surface.
packages/website/src/layouts/GpLayout.astro	RAW_DESIGN_VALUE	radial-gradient(circle at 82% 74%, rgba(240, 220, 160, 0.08), transparent 34%),	Existing audited Network CSS standard exception; convert to gp tokens, logical properties, or dynamic viewport primitives when touching this surface.
packages/website/src/layouts/GpLayout.astro	PHYSICAL_SIDE_PROPERTY	left: var(--gp-space-lg);	Existing audited Network CSS standard exception; convert to gp tokens, logical properties, or dynamic viewport primitives when touching this surface.
packages/website/src/pages/chapters/[slug].astro	HARDCODED_FONT_SIZE	font-size: 11px;	Existing audited Network CSS standard exception; convert to gp tokens, logical properties, or dynamic viewport primitives when touching this surface.
packages/website/src/pages/chapters/[slug].astro	RAW_DESIGN_VALUE	border-color: rgba(184, 232, 53, 0.42);	Existing audited Network CSS standard exception; convert to gp tokens, logical properties, or dynamic viewport primitives when touching this surface.
packages/website/src/pages/chapters/[slug].astro	RAW_DESIGN_VALUE	border-color: rgba(184, 232, 53, 0.32);	Existing audited Network CSS standard exception; convert to gp tokens, logical properties, or dynamic viewport primitives when touching this surface.
packages/website/src/pages/chapters/[slug].astro	HARDCODED_FONT_SIZE	font-size: 11px;	Existing audited Network CSS standard exception; convert to gp tokens, logical properties, or dynamic viewport primitives when touching this surface.
packages/website/src/pages/chapters/[slug].astro	RAW_DESIGN_VALUE	background: rgba(15, 61, 46, 0.45);	Existing audited Network CSS standard exception; convert to gp tokens, logical properties, or dynamic viewport primitives when touching this surface.
packages/website/src/pages/chapters/[slug].astro	HARDCODED_FONT_SIZE	font-size: 11px;	Existing audited Network CSS standard exception; convert to gp tokens, logical properties, or dynamic viewport primitives when touching this surface.
packages/website/src/pages/chapters/[slug].astro	HARDCODED_FONT_SIZE	font-size: 28px;	Existing audited Network CSS standard exception; convert to gp tokens, logical properties, or dynamic viewport primitives when touching this surface.
packages/website/src/pages/chapters/[slug].astro	RAW_DESIGN_VALUE	background: rgba(15, 61, 46, 0.45);	Existing audited Network CSS standard exception; convert to gp tokens, logical properties, or dynamic viewport primitives when touching this surface.
packages/website/src/pages/chapters/[slug].astro	HARDCODED_FONT_SIZE	font-size: 13px;	Existing audited Network CSS standard exception; convert to gp tokens, logical properties, or dynamic viewport primitives when touching this surface.
packages/website/src/pages/chapters/[slug].astro	RAW_DESIGN_VALUE	border-color: rgba(184, 232, 53, 0.32);	Existing audited Network CSS standard exception; convert to gp tokens, logical properties, or dynamic viewport primitives when touching this surface.
packages/website/src/pages/chapters/[slug].astro	RAW_DESIGN_VALUE	border: 1px solid rgba(184, 232, 53, 0.32);	Existing audited Network CSS standard exception; convert to gp tokens, logical properties, or dynamic viewport primitives when touching this surface.
packages/website/src/pages/chapters/[slug].astro	RAW_DESIGN_VALUE	background: linear-gradient(135deg, rgba(184, 232, 53, 0.06), rgba(15, 61, 46, 0.5));	Existing audited Network CSS standard exception; convert to gp tokens, logical properties, or dynamic viewport primitives when touching this surface.
packages/website/src/pages/chapters/index.astro	HARDCODED_FONT_SIZE	font-size: 11px;	Existing audited Network CSS standard exception; convert to gp tokens, logical properties, or dynamic viewport primitives when touching this surface.
packages/website/src/pages/chapters/index.astro	RAW_DESIGN_VALUE	background: rgba(15, 61, 46, 0.4);	Existing audited Network CSS standard exception; convert to gp tokens, logical properties, or dynamic viewport primitives when touching this surface.
packages/website/src/pages/chapters/index.astro	HARDCODED_FONT_SIZE	font-size: 13px;	Existing audited Network CSS standard exception; convert to gp tokens, logical properties, or dynamic viewport primitives when touching this surface.
packages/website/src/pages/chapters/index.astro	HARDCODED_FONT_SIZE	font-size: 11px;	Existing audited Network CSS standard exception; convert to gp tokens, logical properties, or dynamic viewport primitives when touching this surface.
packages/website/src/pages/chapters/index.astro	RAW_DESIGN_VALUE	border-color: rgba(184, 232, 53, 0.42);	Existing audited Network CSS standard exception; convert to gp tokens, logical properties, or dynamic viewport primitives when touching this surface.
packages/website/src/pages/chapters/index.astro	RAW_DESIGN_VALUE	border-color: rgba(184, 232, 53, 0.32);	Existing audited Network CSS standard exception; convert to gp tokens, logical properties, or dynamic viewport primitives when touching this surface.
packages/website/src/pages/chapters/index.astro	RAW_DESIGN_VALUE	background: rgba(10, 45, 33, 0.52);	Existing audited Network CSS standard exception; convert to gp tokens, logical properties, or dynamic viewport primitives when touching this surface.
packages/website/src/pages/chapters/index.astro	PHYSICAL_SIDE_PROPERTY	right: var(--gp-space-lg);	Existing audited Network CSS standard exception; convert to gp tokens, logical properties, or dynamic viewport primitives when touching this surface.
packages/website/src/pages/chapters/index.astro	RAW_DESIGN_VALUE	border: 1px solid rgba(184, 232, 53, 0.32);	Existing audited Network CSS standard exception; convert to gp tokens, logical properties, or dynamic viewport primitives when touching this surface.
packages/website/src/pages/chapters/index.astro	RAW_DESIGN_VALUE	background: linear-gradient(135deg, rgba(184, 232, 53, 0.06), rgba(15, 61, 46, 0.5));	Existing audited Network CSS standard exception; convert to gp tokens, logical properties, or dynamic viewport primitives when touching this surface.
packages/website/src/pages/design-system.astro	VIEWPORT_VH_UNIT	min-height: 100vh;	Existing audited Network CSS standard exception; convert to gp tokens, logical properties, or dynamic viewport primitives when touching this surface.
packages/website/src/pages/design-system.astro	HARDCODED_FONT_SIZE	font-size: 11px;	Existing audited Network CSS standard exception; convert to gp tokens, logical properties, or dynamic viewport primitives when touching this surface.
packages/website/src/pages/design-system.astro	HARDCODED_FONT_SIZE	font-size: 11px;	Existing audited Network CSS standard exception; convert to gp tokens, logical properties, or dynamic viewport primitives when touching this surface.
packages/website/src/pages/design-system.astro	HARDCODED_FONT_SIZE	font-size: 11px;	Existing audited Network CSS standard exception; convert to gp tokens, logical properties, or dynamic viewport primitives when touching this surface.
packages/website/src/pages/garden/index.astro	RAW_DESIGN_VALUE	border: 1px solid rgba(184, 232, 53, 0.2);	Existing audited Network CSS standard exception; convert to gp tokens, logical properties, or dynamic viewport primitives when touching this surface.
packages/website/src/pages/garden/index.astro	RAW_DESIGN_VALUE	background: radial-gradient(circle, rgba(184, 232, 53, 0.24), transparent 68%);	Existing audited Network CSS standard exception; convert to gp tokens, logical properties, or dynamic viewport primitives when touching this surface.
packages/website/src/pages/garden/index.astro	RAW_DESIGN_VALUE	filter: drop-shadow(0 24px 64px rgba(184, 232, 53, 0.25));	Existing audited Network CSS standard exception; convert to gp tokens, logical properties, or dynamic viewport primitives when touching this surface.
packages/website/src/pages/garden/index.astro	HARDCODED_FONT_SIZE	font-size: 56px;	Existing audited Network CSS standard exception; convert to gp tokens, logical properties, or dynamic viewport primitives when touching this surface.
packages/website/src/pages/garden/index.astro	HARDCODED_FONT_SIZE	font-size: 11px;	Existing audited Network CSS standard exception; convert to gp tokens, logical properties, or dynamic viewport primitives when touching this surface.
packages/website/src/pages/garden/index.astro	RAW_DESIGN_VALUE	color: var(--gp-danger, #ff8a7a);	Existing audited Network CSS standard exception; convert to gp tokens, logical properties, or dynamic viewport primitives when touching this surface.
packages/website/src/pages/garden/index.astro	HARDCODED_FONT_SIZE	font-size: 42px;	Existing audited Network CSS standard exception; convert to gp tokens, logical properties, or dynamic viewport primitives when touching this surface.
packages/website/src/pages/guilds/[slug].astro	HARDCODED_FONT_SIZE	font-size: 24px;	Existing audited Network CSS standard exception; convert to gp tokens, logical properties, or dynamic viewport primitives when touching this surface.
packages/website/src/pages/guilds/[slug].astro	RAW_DESIGN_VALUE	border-color: rgba(184, 232, 53, 0.32);	Existing audited Network CSS standard exception; convert to gp tokens, logical properties, or dynamic viewport primitives when touching this surface.
packages/website/src/pages/guilds/[slug].astro	PHYSICAL_SIDE_PROPERTY	right: var(--gp-space-lg);	Existing audited Network CSS standard exception; convert to gp tokens, logical properties, or dynamic viewport primitives when touching this surface.
packages/website/src/pages/guilds/[slug].astro	RAW_DESIGN_VALUE	border-color: rgba(184, 232, 53, 0.42);	Existing audited Network CSS standard exception; convert to gp tokens, logical properties, or dynamic viewport primitives when touching this surface.
packages/website/src/pages/guilds/[slug].astro	RAW_DESIGN_VALUE	border: 1px solid rgba(184, 232, 53, 0.32);	Existing audited Network CSS standard exception; convert to gp tokens, logical properties, or dynamic viewport primitives when touching this surface.
packages/website/src/pages/guilds/[slug].astro	RAW_DESIGN_VALUE	background: linear-gradient(135deg, rgba(184, 232, 53, 0.06), rgba(15, 61, 46, 0.5));	Existing audited Network CSS standard exception; convert to gp tokens, logical properties, or dynamic viewport primitives when touching this surface.
packages/website/src/pages/index.astro	RAW_DESIGN_VALUE	border-color: rgba(184, 232, 53, 0.32);	Existing audited Network CSS standard exception; convert to gp tokens, logical properties, or dynamic viewport primitives when touching this surface.
packages/website/src/pages/index.astro	RAW_DESIGN_VALUE	radial-gradient(circle at 30% 30%, rgba(240, 220, 160, 0.18), transparent 60%),	Existing audited Network CSS standard exception; convert to gp tokens, logical properties, or dynamic viewport primitives when touching this surface.
packages/website/src/pages/index.astro	RAW_DESIGN_VALUE	radial-gradient(circle at 30% 30%, rgba(240, 220, 160, 0.22), transparent 60%),	Existing audited Network CSS standard exception; convert to gp tokens, logical properties, or dynamic viewport primitives when touching this surface.
packages/website/src/pages/index.astro	RAW_DESIGN_VALUE	radial-gradient(circle at 70% 70%, rgba(184, 232, 53, 0.12), transparent 65%),	Existing audited Network CSS standard exception; convert to gp tokens, logical properties, or dynamic viewport primitives when touching this surface.
packages/website/src/pages/index.astro	RAW_DESIGN_VALUE	background: linear-gradient(135deg, rgba(240, 220, 160, 0.08), rgba(20, 63, 48, 0.4));	Existing audited Network CSS standard exception; convert to gp tokens, logical properties, or dynamic viewport primitives when touching this surface.
packages/website/src/pages/index.astro	RAW_DESIGN_VALUE	border-color: rgba(240, 220, 160, 0.18);	Existing audited Network CSS standard exception; convert to gp tokens, logical properties, or dynamic viewport primitives when touching this surface.
packages/website/src/pages/index.astro	RAW_DESIGN_VALUE	border-color: rgba(184, 232, 53, 0.32);	Existing audited Network CSS standard exception; convert to gp tokens, logical properties, or dynamic viewport primitives when touching this surface.
packages/website/src/pages/index.astro	HARDCODED_FONT_SIZE	font-size: 10px;	Existing audited Network CSS standard exception; convert to gp tokens, logical properties, or dynamic viewport primitives when touching this surface.
packages/website/src/pages/index.astro	HARDCODED_FONT_SIZE	font-size: 11px;	Existing audited Network CSS standard exception; convert to gp tokens, logical properties, or dynamic viewport primitives when touching this surface.
packages/website/src/pages/index.astro	RAW_DESIGN_VALUE	border: 1px solid rgba(240, 220, 160, 0.42);	Existing audited Network CSS standard exception; convert to gp tokens, logical properties, or dynamic viewport primitives when touching this surface.
packages/website/src/pages/index.astro	HARDCODED_FONT_SIZE	font-size: 10px;	Existing audited Network CSS standard exception; convert to gp tokens, logical properties, or dynamic viewport primitives when touching this surface.
packages/website/src/pages/index.astro	RAW_DESIGN_VALUE	border-color: rgba(184, 232, 53, 0.42);	Existing audited Network CSS standard exception; convert to gp tokens, logical properties, or dynamic viewport primitives when touching this surface.
packages/website/src/pages/index.astro	RAW_DESIGN_VALUE	box-shadow: 0 0 12px rgba(184, 232, 53, 0.5);	Existing audited Network CSS standard exception; convert to gp tokens, logical properties, or dynamic viewport primitives when touching this surface.
packages/website/src/pages/index.astro	RAW_DESIGN_VALUE	box-shadow: 0 0 18px rgba(184, 232, 53, 0.85);	Existing audited Network CSS standard exception; convert to gp tokens, logical properties, or dynamic viewport primitives when touching this surface.
packages/website/src/pages/index.astro	HARDCODED_FONT_SIZE	font-size: 22px;	Existing audited Network CSS standard exception; convert to gp tokens, logical properties, or dynamic viewport primitives when touching this surface.
packages/website/src/pages/index.astro	HARDCODED_FONT_SIZE	font-size: 13px;	Existing audited Network CSS standard exception; convert to gp tokens, logical properties, or dynamic viewport primitives when touching this surface.
packages/website/src/pages/index.astro	HARDCODED_FONT_SIZE	font-size: 36px;	Existing audited Network CSS standard exception; convert to gp tokens, logical properties, or dynamic viewport primitives when touching this surface.
packages/website/src/pages/library/index.astro	HARDCODED_FONT_SIZE	font-size: 11px;	Existing audited Network CSS standard exception; convert to gp tokens, logical properties, or dynamic viewport primitives when touching this surface.
packages/website/src/pages/library/index.astro	HARDCODED_FONT_SIZE	font-size: 11px;	Existing audited Network CSS standard exception; convert to gp tokens, logical properties, or dynamic viewport primitives when touching this surface.
packages/website/src/pages/library/index.astro	RAW_DESIGN_VALUE	border: 1px solid rgba(240, 220, 160, 0.14);	Existing audited Network CSS standard exception; convert to gp tokens, logical properties, or dynamic viewport primitives when touching this surface.
packages/website/src/pages/library/index.astro	RAW_DESIGN_VALUE	background: rgba(15, 61, 46, 0.5);	Existing audited Network CSS standard exception; convert to gp tokens, logical properties, or dynamic viewport primitives when touching this surface.
packages/website/src/pages/library/index.astro	RAW_DESIGN_VALUE	border-color: rgba(184, 232, 53, 0.34);	Existing audited Network CSS standard exception; convert to gp tokens, logical properties, or dynamic viewport primitives when touching this surface.
packages/website/src/pages/library/index.astro	RAW_DESIGN_VALUE	background: rgba(15, 61, 46, 0.68);	Existing audited Network CSS standard exception; convert to gp tokens, logical properties, or dynamic viewport primitives when touching this surface.
packages/website/src/pages/library/index.astro	HARDCODED_FONT_SIZE	font-size: 18px;	Existing audited Network CSS standard exception; convert to gp tokens, logical properties, or dynamic viewport primitives when touching this surface.
packages/website/src/pages/library/index.astro	RAW_DESIGN_VALUE	border: 1px solid rgba(184, 232, 53, 0.28);	Existing audited Network CSS standard exception; convert to gp tokens, logical properties, or dynamic viewport primitives when touching this surface.
packages/website/src/pages/library/index.astro	RAW_DESIGN_VALUE	background: linear-gradient(145deg, rgba(184, 232, 53, 0.08), rgba(15, 61, 46, 0.56));	Existing audited Network CSS standard exception; convert to gp tokens, logical properties, or dynamic viewport primitives when touching this surface.
packages/website/src/pages/library/index.astro	RAW_DESIGN_VALUE	border-color: rgba(184, 232, 53, 0.48);	Existing audited Network CSS standard exception; convert to gp tokens, logical properties, or dynamic viewport primitives when touching this surface.
packages/website/src/pages/library/index.astro	RAW_DESIGN_VALUE	background: linear-gradient(145deg, rgba(184, 232, 53, 0.12), rgba(15, 61, 46, 0.68));	Existing audited Network CSS standard exception; convert to gp tokens, logical properties, or dynamic viewport primitives when touching this surface.
packages/website/src/pages/library/index.astro	HARDCODED_FONT_SIZE	font-size: 11px;	Existing audited Network CSS standard exception; convert to gp tokens, logical properties, or dynamic viewport primitives when touching this surface.
packages/website/src/pages/library/index.astro	RAW_DESIGN_VALUE	border: 1px solid rgba(240, 220, 160, 0.22);	Existing audited Network CSS standard exception; convert to gp tokens, logical properties, or dynamic viewport primitives when touching this surface.
packages/website/src/pages/library/index.astro	RAW_DESIGN_VALUE	background: rgba(20, 63, 48, 0.5);	Existing audited Network CSS standard exception; convert to gp tokens, logical properties, or dynamic viewport primitives when touching this surface.
packages/website/src/pages/library/index.astro	RAW_DESIGN_VALUE	border-color: rgba(240, 220, 160, 0.36);	Existing audited Network CSS standard exception; convert to gp tokens, logical properties, or dynamic viewport primitives when touching this surface.
packages/website/src/pages/library/index.astro	RAW_DESIGN_VALUE	background: rgba(20, 63, 48, 0.7);	Existing audited Network CSS standard exception; convert to gp tokens, logical properties, or dynamic viewport primitives when touching this surface.
packages/website/src/pages/library/index.astro	RAW_DESIGN_VALUE	border-color: rgba(240, 220, 160, 0.34);	Existing audited Network CSS standard exception; convert to gp tokens, logical properties, or dynamic viewport primitives when touching this surface.
packages/website/src/pages/library/index.astro	HARDCODED_FONT_SIZE	font-size: 11px;	Existing audited Network CSS standard exception; convert to gp tokens, logical properties, or dynamic viewport primitives when touching this surface.
packages/website/src/pages/library/index.astro	RAW_DESIGN_VALUE	border: 1px solid rgba(240, 220, 160, 0.22);	Existing audited Network CSS standard exception; convert to gp tokens, logical properties, or dynamic viewport primitives when touching this surface.
packages/website/src/pages/library/index.astro	RAW_DESIGN_VALUE	background: rgba(240, 220, 160, 0.08);	Existing audited Network CSS standard exception; convert to gp tokens, logical properties, or dynamic viewport primitives when touching this surface.
packages/website/src/pages/library/index.astro	HARDCODED_FONT_SIZE	font-size: 11px;	Existing audited Network CSS standard exception; convert to gp tokens, logical properties, or dynamic viewport primitives when touching this surface.
packages/website/src/pages/library/index.astro	HARDCODED_FONT_SIZE	font-size: 11px;	Existing audited Network CSS standard exception; convert to gp tokens, logical properties, or dynamic viewport primitives when touching this surface.
packages/website/src/pages/library/index.astro	RAW_DESIGN_VALUE	border: 1px solid rgba(184, 232, 53, 0.24);	Existing audited Network CSS standard exception; convert to gp tokens, logical properties, or dynamic viewport primitives when touching this surface.
packages/website/src/pages/library/index.astro	RAW_DESIGN_VALUE	background: linear-gradient(155deg, rgba(184, 232, 53, 0.06), rgba(20, 63, 48, 0.48));	Existing audited Network CSS standard exception; convert to gp tokens, logical properties, or dynamic viewport primitives when touching this surface.
packages/website/src/pages/library/index.astro	RAW_DESIGN_VALUE	border-color: rgba(184, 232, 53, 0.44);	Existing audited Network CSS standard exception; convert to gp tokens, logical properties, or dynamic viewport primitives when touching this surface.
packages/website/src/pages/library/index.astro	RAW_DESIGN_VALUE	background: linear-gradient(155deg, rgba(184, 232, 53, 0.1), rgba(20, 63, 48, 0.66));	Existing audited Network CSS standard exception; convert to gp tokens, logical properties, or dynamic viewport primitives when touching this surface.
packages/website/src/pages/library/index.astro	HARDCODED_FONT_SIZE	font-size: 10px;	Existing audited Network CSS standard exception; convert to gp tokens, logical properties, or dynamic viewport primitives when touching this surface.
packages/website/src/pages/library/index.astro	HARDCODED_FONT_SIZE	font-size: 11px;	Existing audited Network CSS standard exception; convert to gp tokens, logical properties, or dynamic viewport primitives when touching this surface.
packages/website/src/pages/library/index.astro	RAW_DESIGN_VALUE	mask-image: linear-gradient(to right, #000 calc(100% - 28px), transparent);	Existing audited Network CSS standard exception; convert to gp tokens, logical properties, or dynamic viewport primitives when touching this surface.
packages/website/src/pages/map/edit.astro	RAW_DESIGN_VALUE	--gp-bg: #0f3d2e;	Existing audited Network CSS standard exception; convert to gp tokens, logical properties, or dynamic viewport primitives when touching this surface.
packages/website/src/pages/map/edit.astro	RAW_DESIGN_VALUE	--gp-fg: #faf7ee;	Existing audited Network CSS standard exception; convert to gp tokens, logical properties, or dynamic viewport primitives when touching this surface.
packages/website/src/pages/map/edit.astro	RAW_DESIGN_VALUE	--gp-primary: #b8e835;	Existing audited Network CSS standard exception; convert to gp tokens, logical properties, or dynamic viewport primitives when touching this surface.
packages/website/src/pages/map/edit.astro	RAW_DESIGN_VALUE	--gp-primary-fg: #0f3d2e;	Existing audited Network CSS standard exception; convert to gp tokens, logical properties, or dynamic viewport primitives when touching this surface.
packages/website/src/pages/map/edit.astro	RAW_DESIGN_VALUE	background: #0a2d21;	Existing audited Network CSS standard exception; convert to gp tokens, logical properties, or dynamic viewport primitives when touching this surface.
packages/website/src/pages/map/edit.astro	VIEWPORT_VH_UNIT	min-height: 100vh;	Existing audited Network CSS standard exception; convert to gp tokens, logical properties, or dynamic viewport primitives when touching this surface.
packages/website/src/pages/map/edit.astro	VIEWPORT_VH_UNIT	min-height: 100vh;	Existing audited Network CSS standard exception; convert to gp tokens, logical properties, or dynamic viewport primitives when touching this surface.
packages/website/src/pages/map/edit.astro	RAW_DESIGN_VALUE	radial-gradient(circle at top left, rgba(184, 232, 53, 0.14), transparent 20rem),	Existing audited Network CSS standard exception; convert to gp tokens, logical properties, or dynamic viewport primitives when touching this surface.
packages/website/src/pages/map/edit.astro	RAW_DESIGN_VALUE	border: 1px solid rgba(207, 247, 90, 0.18);	Existing audited Network CSS standard exception; convert to gp tokens, logical properties, or dynamic viewport primitives when touching this surface.
packages/website/src/pages/map/edit.astro	RAW_DESIGN_VALUE	background: rgba(7, 24, 15, 0.76);	Existing audited Network CSS standard exception; convert to gp tokens, logical properties, or dynamic viewport primitives when touching this surface.
packages/website/src/pages/map/edit.astro	RAW_DESIGN_VALUE	box-shadow: 0 20px 60px rgba(2, 12, 7, 0.32);	Existing audited Network CSS standard exception; convert to gp tokens, logical properties, or dynamic viewport primitives when touching this surface.
packages/website/src/pages/map/edit.astro	RAW_DESIGN_VALUE	color: rgba(250, 247, 238, 0.8);	Existing audited Network CSS standard exception; convert to gp tokens, logical properties, or dynamic viewport primitives when touching this surface.
packages/website/src/pages/map/edit.astro	RAW_DESIGN_VALUE	border: 1px solid rgba(207, 247, 90, 0.18);	Existing audited Network CSS standard exception; convert to gp tokens, logical properties, or dynamic viewport primitives when touching this surface.
packages/website/src/pages/map/edit.astro	RAW_DESIGN_VALUE	background: rgba(2, 12, 7, 0.48);	Existing audited Network CSS standard exception; convert to gp tokens, logical properties, or dynamic viewport primitives when touching this surface.
packages/website/src/pages/map/edit.astro	RAW_DESIGN_VALUE	color: rgba(250, 247, 238, 0.86);	Existing audited Network CSS standard exception; convert to gp tokens, logical properties, or dynamic viewport primitives when touching this surface.
packages/website/src/pages/map/edit.astro	RAW_DESIGN_VALUE	border-color: rgba(184, 232, 53, 0.45);	Existing audited Network CSS standard exception; convert to gp tokens, logical properties, or dynamic viewport primitives when touching this surface.
packages/website/src/pages/map/edit.astro	RAW_DESIGN_VALUE	border-color: rgba(224, 120, 86, 0.5);	Existing audited Network CSS standard exception; convert to gp tokens, logical properties, or dynamic viewport primitives when touching this surface.
packages/website/src/pages/map/edit.astro	RAW_DESIGN_VALUE	color: #ffd6ca;	Existing audited Network CSS standard exception; convert to gp tokens, logical properties, or dynamic viewport primitives when touching this surface.
packages/website/src/pages/map/edit.astro	RAW_DESIGN_VALUE	color: rgba(250, 247, 238, 0.84);	Existing audited Network CSS standard exception; convert to gp tokens, logical properties, or dynamic viewport primitives when touching this surface.
packages/website/src/pages/map/edit.astro	RAW_DESIGN_VALUE	border: 1px solid rgba(207, 247, 90, 0.2);	Existing audited Network CSS standard exception; convert to gp tokens, logical properties, or dynamic viewport primitives when touching this surface.
packages/website/src/pages/map/edit.astro	RAW_DESIGN_VALUE	background: rgba(2, 12, 7, 0.72);	Existing audited Network CSS standard exception; convert to gp tokens, logical properties, or dynamic viewport primitives when touching this surface.
packages/website/src/pages/map/edit.astro	RAW_DESIGN_VALUE	border-color: rgba(212, 245, 100, 0.78);	Existing audited Network CSS standard exception; convert to gp tokens, logical properties, or dynamic viewport primitives when touching this surface.
packages/website/src/pages/map/edit.astro	RAW_DESIGN_VALUE	box-shadow: 0 0 0 3px rgba(212, 245, 100, 0.12);	Existing audited Network CSS standard exception; convert to gp tokens, logical properties, or dynamic viewport primitives when touching this surface.
packages/website/src/pages/map/edit.astro	RAW_DESIGN_VALUE	border: 1px solid rgba(207, 247, 90, 0.16);	Existing audited Network CSS standard exception; convert to gp tokens, logical properties, or dynamic viewport primitives when touching this surface.
packages/website/src/pages/map/edit.astro	RAW_DESIGN_VALUE	background: rgba(2, 12, 7, 0.36);	Existing audited Network CSS standard exception; convert to gp tokens, logical properties, or dynamic viewport primitives when touching this surface.
packages/website/src/pages/map/edit.astro	RAW_DESIGN_VALUE	color: rgba(250, 247, 238, 0.68);	Existing audited Network CSS standard exception; convert to gp tokens, logical properties, or dynamic viewport primitives when touching this surface.
packages/website/src/pages/stories/[slug].astro	RAW_DESIGN_VALUE	background: rgba(255, 255, 255, 0.04);	Existing audited Network CSS standard exception; convert to gp tokens, logical properties, or dynamic viewport primitives when touching this surface.
packages/website/src/pages/stories/[slug].astro	HARDCODED_FONT_SIZE	font-size: 17px;	Existing audited Network CSS standard exception; convert to gp tokens, logical properties, or dynamic viewport primitives when touching this surface.
packages/website/src/pages/stories/[slug].astro	RAW_DESIGN_VALUE	text-decoration-color: rgba(184, 232, 53, 0.5);	Existing audited Network CSS standard exception; convert to gp tokens, logical properties, or dynamic viewport primitives when touching this surface.
packages/website/src/pages/stories/[slug].astro	RAW_DESIGN_VALUE	border-color: rgba(184, 232, 53, 0.42);	Existing audited Network CSS standard exception; convert to gp tokens, logical properties, or dynamic viewport primitives when touching this surface.
packages/website/src/pages/stories/[slug].astro	HARDCODED_FONT_SIZE	font-size: 13px;	Existing audited Network CSS standard exception; convert to gp tokens, logical properties, or dynamic viewport primitives when touching this surface.
packages/website/src/pages/stories/[slug].astro	RAW_DESIGN_VALUE	border-color: rgba(184, 232, 53, 0.42);	Existing audited Network CSS standard exception; convert to gp tokens, logical properties, or dynamic viewport primitives when touching this surface.
packages/website/src/pages/stories/[slug].astro	RAW_DESIGN_VALUE	border-color: rgba(184, 232, 53, 0.32);	Existing audited Network CSS standard exception; convert to gp tokens, logical properties, or dynamic viewport primitives when touching this surface.
packages/website/src/pages/stories/index.astro	RAW_DESIGN_VALUE	background: rgba(20, 63, 48, 0.7);	Existing audited Network CSS standard exception; convert to gp tokens, logical properties, or dynamic viewport primitives when touching this surface.
packages/website/src/pages/stories/index.astro	RAW_DESIGN_VALUE	border-color: rgba(240, 220, 160, 0.18);	Existing audited Network CSS standard exception; convert to gp tokens, logical properties, or dynamic viewport primitives when touching this surface.
packages/website/src/pages/stories/index.astro	RAW_DESIGN_VALUE	background: rgba(20, 63, 48, 0.7);	Existing audited Network CSS standard exception; convert to gp tokens, logical properties, or dynamic viewport primitives when touching this surface.
packages/website/src/pages/stories/index.astro	RAW_DESIGN_VALUE	background: rgba(20, 63, 48, 0.72);	Existing audited Network CSS standard exception; convert to gp tokens, logical properties, or dynamic viewport primitives when touching this surface.
packages/website/src/pages/stories/index.astro	RAW_DESIGN_VALUE	border-color: rgba(184, 232, 53, 0.32);	Existing audited Network CSS standard exception; convert to gp tokens, logical properties, or dynamic viewport primitives when touching this surface.
packages/website/src/pages/stories/index.astro	RAW_DESIGN_VALUE	background: rgba(35, 92, 70, 0.84);	Existing audited Network CSS standard exception; convert to gp tokens, logical properties, or dynamic viewport primitives when touching this surface.
packages/website/src/pages/stories/index.astro	RAW_DESIGN_VALUE	radial-gradient(circle at 30% 30%, rgba(240, 220, 160, 0.14), transparent 60%),	Existing audited Network CSS standard exception; convert to gp tokens, logical properties, or dynamic viewport primitives when touching this surface.
packages/website/src/pages/stories/index.astro	RAW_DESIGN_VALUE	background: rgba(20, 63, 48, 0.72);	Existing audited Network CSS standard exception; convert to gp tokens, logical properties, or dynamic viewport primitives when touching this surface.
packages/website/src/pages/stories/index.astro	RAW_DESIGN_VALUE	border-color: rgba(184, 232, 53, 0.32);	Existing audited Network CSS standard exception; convert to gp tokens, logical properties, or dynamic viewport primitives when touching this surface.
packages/website/src/pages/stories/index.astro	RAW_DESIGN_VALUE	background: rgba(35, 92, 70, 0.84);	Existing audited Network CSS standard exception; convert to gp tokens, logical properties, or dynamic viewport primitives when touching this surface.
